label,f0,f1,f2,f3,f4,f5,f6,f7,f8,f9,f10,f11,f12,f13,f14,f15,f16,f17,f18,f19,f20,f21,f22,f23,f24,f25,f26,f27,f28,f29,f30,f31,f32,f33,f34,f35,f36,f37,f38,f39,f40,f41,f42,f43,f44,f45,f46,f47,f48,f49,f50,f51,f52,f53,f54,f55,f56,f57,f58,f59,f60,f61,f62
ok,0.0,0.0,0.0,0.29589635133743286,-0.046890921890735626,-0.05390510708093643,0.5586819648742676,-0.18819816410541534,-0.10365332663059235,0.7479750514030457,-0.29953357577323914,-0.16635620594024658,0.8895319700241089,-0.44132450222969055,-0.22161073982715607,0.5397207736968994,-0.769088625907898,-0.03805534914135933,0.7559475898742676,-0.9315876960754395,-0.188298761844635,0.846923291683197,-0.7837170958518982,-0.30934685468673706,0.8720104694366455,-0.6059228777885437,-0.36807096004486084,0.431011825799942,-0.8979368209838867,-0.08909689635038376,0.596001923084259,-1.2714903354644775,-0.17416177690029144,0.7604745626449585,-1.461887240409851,-0.25174254179000854,0.8883424401283264,-1.6204440593719482,-0.3062106966972351,0.2842211425304413,-0.9218980073928833,-0.1626487523317337,0.38148829340934753,-1.3196659088134766,-0.24996241927146912,0.48474881052970886,-1.5665260553359985,-0.3230874836444855,0.5864441394805908,-1.7752454280853271,-0.369606614112854,0.11840396374464035,-0.8541045784950256,-0.24312061071395874,0.07748822867870331,-1.1844364404678345,-0.323025107383728,0.07076824456453323,-1.4214369058609009,-0.3574850559234619,0.08288629353046417,-1.6418397426605225,-0.37469878792762756
ok,0.0,0.0,0.0,0.2963385283946991,-0.049352504312992096,-0.049746882170438766,0.5692745447158813,-0.19979378581047058,-0.09163597971200943,0.7587324976921082,-0.31756770610809326,-0.14621692895889282,0.8957279920578003,-0.4566391706466675,-0.19381314516067505,0.5460523366928101,-0.772312343120575,-0.030541589483618736,0.7546080946922302,-0.9422557950019836,-0.17344322800636292,0.8483108878135681,-0.8014108538627625,-0.2906685471534729,0.8811581134796143,-0.6251017451286316,-0.348751425743103,0.43780064582824707,-0.8954375386238098,-0.08076043426990509,0.6071678996086121,-1.2563070058822632,-0.15982718765735626,0.7745120525360107,-1.441113829612732,-0.23597443103790283,0.9075872302055359,-1.5914673805236816,-0.2912295460700989,0.291159063577652,-0.9181084036827087,-0.1531125158071518,0.40439149737358093,-1.3050559759140015,-0.23452946543693542,0.5191835165023804,-1.5445027351379395,-0.3078974783420563,0.6321606636047363,-1.7428574562072754,-0.35669445991516113,0.12276116013526917,-0.8527513742446899,-0.23230592906475067,0.09203893691301346,-1.1806713342666626,-0.31014370918273926,0.08976602554321289,-1.4189934730529785,-0.3466678857803345,0.10744278132915497,-1.6392717361450195,-0.3665759265422821
ok,0.0,0.0,0.0,0.33077457547187805,-0.1245613619685173,-0.0034277006052434444,0.5836057066917419,-0.3081825375556946,-0.042665187269449234,0.7855075597763062,-0.40143316984176636,-0.10859468579292297,0.9554380774497986,-0.5171884894371033,-0.16903038322925568,0.4877910614013672,-0.8320541977882385,0.02989695966243744,0.7252716422080994,-0.9864049553871155,-0.12172000110149384,0.8423572182655334,-0.8312349915504456,-0.24598625302314758,0.9091698527336121,-0.6438238024711609,-0.30905330181121826,0.41786494851112366,-0.9070695638656616,-0.0511249303817749,0.5906215310096741,-1.2986929416656494,-0.14757803082466125,0.7650171518325806,-1.4833928346633911,-0.2272164523601532,0.9191645979881287,-1.6180105209350586,-0.2813521921634674,0.3086479604244232,-0.8833221793174744,-0.15513581037521362,0.4184139370918274,-1.3007303476333618,-0.24765944480895996,0.5326056480407715,-1.5444144010543823,-0.3078480362892151,0.6487846374511719,-1.735641360282898,-0.3447939157485962,0.1924239844083786,-0.7816442251205444,-0.264051228761673,0.21617887914180756,-1.1038404703140259,-0.3449130654335022,0.2450065016746521,-1.3555859327316284,-0.37380552291870117,0.2800193130970001,-1.576055884361267,-0.38908690214157104
ok,0.0,0.0,0.0,0.3250233232975006,-0.037950705736875534,-0.055670686066150665,0.5910991430282593,-0.1428736448287964,-0.10987891256809235,0.7685377597808838,-0.25666138529777527,-0.18216422200202942,0.8937563896179199,-0.4453403651714325,-0.24264486134052277,0.54515540599823,-0.7602071166038513,0.014163111336529255,0.7471522688865662,-0.9575160145759583,-0.13559961318969727,0.8328505754470825,-0.8064777255058289,-0.2594512403011322,0.8660344481468201,-0.6173263192176819,-0.31671270728111267,0.4610428810119629,-0.8867916464805603,-0.03224920108914375,0.6368476748466492,-1.2452651262283325,-0.11049224436283112,0.8003150224685669,-1.4394242763519287,-0.18763072788715363,0.9494636654853821,-1.6205618381500244,-0.24280278384685516,0.34581297636032104,-0.9248936772346497,-0.10599498450756073,0.4598226845264435,-1.3072137832641602,-0.17519235610961914,0.5679961442947388,-1.5461190938949585,-0.2266770452260971,0.674616813659668,-1.747934341430664,-0.2600167393684387,0.2066405862569809,-0.882706880569458,-0.19153723120689392,0.24423058331012726,-1.2118557691574097,-0.2428218126296997,0.28846028447151184,-1.4486122131347656,-0.2559567093849182,0.3373448848724365,-1.655724287033081,-0.261209636926651
ok,0.0,0.0,0.0,0.3234126567840576,-0.13440215587615967,0.01464350800961256,0.545849621295929,-0.361160546541214,-0.021040746942162514,0.7284483313560486,-0.47884365916252136,-0.08632031828165054,0.8847476243972778,-0.6012374758720398,-0.1473524421453476,0.42159178853034973,-0.8962833881378174,0.006745918188244104,0.6547203660011292,-1.108360767364502,-0.1655377596616745,0.7773734331130981,-0.9144559502601624,-0.30505669116973877,0.8437231779098511,-0.6928072571754456,-0.378597617149353,0.33360564708709717,-0.9386444091796875,-0.08748623728752136,0.4958459138870239,-1.3296301364898682,-0.19667427241802216,0.6783890128135681,-1.510862946510315,-0.29382896423339844,0.8337482213973999,-1.6518222093582153,-0.3657415211200714,0.22189408540725708,-0.8713220953941345,-0.20140117406845093,0.32223060727119446,-1.3008674383163452,-0.30843019485473633,0.42536255717277527,-1.535514235496521,-0.3886939287185669,0.5231615900993347,-1.730639100074768,-0.44491177797317505,0.12067833542823792,-0.7228450775146484,-0.3166300058364868,0.15003272891044617,-1.0074695348739624,-0.41629815101623535,0.18065398931503296,-1.2351703643798828,-0.46589019894599915,0.21416717767715454,-1.4395217895507812,-0.4995638430118561
ok,0.0,0.0,0.0,0.3565109372138977,-0.03986390680074692,-0.009646715596318245,0.6274581551551819,-0.18242907524108887,-0.02833647094666958,0.815251350402832,-0.2935701608657837,-0.07431507855653763,0.9855181574821472,-0.4261339008808136,-0.11305749416351318,0.5604674816131592,-0.7387778759002686,0.09589036554098129,0.7718536853790283,-0.8977887034416199,-0.025822795927524567,0.893561840057373,-0.7659739851951599,-0.1385183185338974,0.9670343995094299,-0.5989394783973694,-0.19581365585327148,0.5008599162101746,-0.8649889230728149,0.030552145093679428,0.7014984488487244,-1.1761144399642944,-0.03610358014702797,0.9095852375030518,-1.2837920188903809,-0.10234787315130234,1.0925811529159546,-1.3332396745681763,-0.14781352877616882,0.3992765545845032,-0.9142895340919495,-0.06310229003429413,0.5554385185241699,-1.2736772298812866,-0.12549908459186554,0.714990496635437,-1.4594924449920654,-0.173821821808815,0.8704500198364258,-1.5781587362289429,-0.20373910665512085,0.27592310309410095,-0.8908993601799011,-0.16614115238189697,0.35872554779052734,-1.212182641029358,-0.21250420808792114,0.42917245626449585,-1.440420150756836,-0.2259088158607483,0.4988594055175781,-1.6196298599243164,-0.23278534412384033
ok,0.0,0.0,0.0,0.3836204707622528,-0.12076747417449951,0.11024449020624161,0.596137523651123,-0.3418129086494446,0.1361943781375885,0.7695745229721069,-0.4366729259490967,0.12053309381008148,0.963974118232727,-0.512065052986145,0.11096171289682388,0.4475955069065094,-0.8833020925521851,0.1643436849117279,0.7441471815109253,-0.9924624562263489,0.046964362263679504,0.8792718052864075,-0.8396047353744507,-0.06791792064905167,0.9407379627227783,-0.6377900838851929,-0.1296633630990982,0.40060481429100037,-0.9149286150932312,0.04920753091573715,0.6940255761146545,-1.2637715339660645,-0.004531581420451403,0.9180833101272583,-1.3765177726745605,-0.06050176918506622,1.094295620918274,-1.4183748960494995,-0.10171491652727127,0.36549729108810425,-0.8503885865211487,-0.08245696127414703,0.6316125392913818,-1.2388097047805786,-0.12305658310651779,0.8016472458839417,-1.424197793006897,-0.15420971810817719,0.9417728185653687,-1.5465177297592163,-0.18142926692962646,0.3694964051246643,-0.733995258808136,-0.21272636950016022,0.5035880208015442,-1.0246636867523193,-0.25859296321868896,0.60151606798172,-1.2297084331512451,-0.27662280201911926,0.6985971331596375,-1.3987759351730347,-0.2896430194377899
stop,0.0,0.0,0.0,0.31736263632774353,-0.04458478093147278,-0.12460052222013474,0.5859658122062683,-0.18253827095031738,-0.19592392444610596,0.7818325161933899,-0.33583196997642517,-0.2624950110912323,0.9507603049278259,-0.46062007546424866,-0.3302828371524811,0.49308764934539795,-0.8125292062759399,-0.11824121326208115,0.6566542387008667,-1.1251839399337769,-0.21854491531848907,0.7641267776489258,-1.3188717365264893,-0.3031046986579895,0.8558462262153625,-1.499374508857727,-0.3641039729118347,0.3157156705856323,-0.9396836757659912,-0.13159865140914917,0.42452138662338257,-1.3549777269363403,-0.2181178629398346,0.49011459946632385,-1.6191797256469727,-0.29619574546813965,0.5396865010261536,-1.8504077196121216,-0.35403013229370117,0.12866102159023285,-0.9556182622909546,-0.16120567917823792,0.18074867129325867,-1.3552254438400269,-0.2518487572669983,0.21988245844841003,-1.6223595142364502,-0.3211612105369568,0.2596794664859772,-1.85814368724823,-0.3677702844142914,-0.06572479754686356,-0.8867518901824951,-0.20213690400123596,-0.09143821150064468,-1.2165536880493164,-0.29028767347335815,-0.10060372203588486,-1.4408462047576904,-0.3333606719970703,-0.09444964677095413,-1.6570614576339722,-0.3586938679218292
stop,0.0,0.0,0.0,-0.3134644627571106,-0.08794760704040527,-0.08916475623846054,-0.5544801950454712,-0.3490687310695648,-0.13192623853683472,-0.6974135041236877,-0.5991716980934143,-0.17046882212162018,-0.8438814878463745,-0.7756398916244507,-0.2093818336725235,-0.44541293382644653,-0.8865513801574707,-0.06884210556745529,-0.5512929558753967,-1.2431737184524536,-0.14219757914543152,-0.6111194491386414,-1.4594992399215698,-0.20544281601905823,-0.6534801721572876,-1.662819743156433,-0.25761863589286804,-0.251924604177475,-0.9625095725059509,-0.1005452424287796,-0.32500261068344116,-1.3794234991073608,-0.16862048208713531,-0.3602423369884491,-1.654678463935852,-0.24157308042049408,-0.3861141502857208,-1.9072978496551514,-0.29830169677734375,-0.05863134562969208,-0.934562623500824,-0.14761514961719513,-0.07699935138225555,-1.3430678844451904,-0.25008508563041687,-0.07526295632123947,-1.6165823936462402,-0.3328143358230591,-0.08208140730857849,-1.8769028186798096,-0.38957786560058594,0.13578422367572784,-0.8289085030555725,-0.19952309131622314,0.2183275818824768,-1.1377123594284058,-0.31262707710266113,0.27888092398643494,-1.3482637405395508,-0.37152785062789917,0.32193702459335327,-1.5577991008758545,-0.4086655378341675
stop,0.0,0.0,0.0,-0.2877558767795563,-0.13632382452487946,-0.09106717258691788,-0.5039638876914978,-0.4116852581501007,-0.13097447156906128,-0.6197800636291504,-0.6674792170524597,-0.16833512485027313,-0.733068585395813,-0.8777655363082886,-0.20432138442993164,-0.3694402277469635,-0.9007037878036499,-0.04698874428868294,-0.46747496724128723,-1.2414268255233765,-0.11899794638156891,-0.5220763683319092,-1.4552894830703735,-0.18201129138469696,-0.5566245317459106,-1.653447151184082,-0.23276256024837494,-0.188264861702919,-0.9793710708618164,-0.07340744882822037,-0.23560817539691925,-1.4030133485794067,-0.13658803701400757,-0.2628742754459381,-1.6718792915344238,-0.20376360416412354,-0.2826879620552063,-1.913107991218567,-0.25573158264160156,-0.008385061286389828,-0.9581748247146606,-0.11776676774024963,-0.010095670819282532,-1.3656651973724365,-0.20839214324951172,-0.0030672987923026085,-1.6341021060943604,-0.2815534472465515,0.00021350554015953094,-1.8850919008255005,-0.33337536454200745,0.1694246530532837,-0.8548761606216431,-0.16943714022636414,0.27976661920547485,-1.140932321548462,-0.26298606395721436,0.3616890609264374,-1.3460912704467773,-0.31249183416366577,0.42758065462112427,-1.5424249172210693,-0.34599125385284424
stop,0.0,0.0,0.0,-0.2920416295528412,-0.11530639231204987,-0.12336978316307068,-0.515487015247345,-0.34953948855400085,-0.19743333756923676,-0.6663650870323181,-0.5758377909660339,-0.26177239418029785,-0.8162924647331238,-0.770576000213623,-0.32545536756515503,-0.3610895276069641,-0.904732882976532,-0.12264014035463333,-0.4456363320350647,-1.2676109075546265,-0.21432603895664215,-0.5048167109489441,-1.4938491582870483,-0.28989362716674805,-0.5460502505302429,-1.7091227769851685,-0.35072314739227295,-0.16294586658477783,-0.9761107563972473,-0.14372371137142181,-0.1985486000776291,-1.4043174982070923,-0.22728116810321808,-0.22057798504829407,-1.692522406578064,-0.3064589500427246,-0.23946551978588104,-1.9546856880187988,-0.3682769238948822,0.02634447067975998,-0.9357948303222656,-0.18130828440189362,0.0501369945704937,-1.3432146310806274,-0.28995564579963684,0.07132542133331299,-1.6210885047912598,-0.3690400719642639,0.07672540098428726,-1.8827425241470337,-0.4242783486843109,0.20523352921009064,-0.8137065768241882,-0.22695042192935944,0.31306248903274536,-1.1039260625839233,-0.33593112230300903,0.38013067841529846,-1.3103599548339844,-0.388822466135025,0.4262070655822754,-1.511467695236206,-0.4236410856246948
stop,0.0,0.0,0.0,-0.2873254120349884,-0.13326296210289001,-0.10126645863056183,-0.4989999830722809,-0.41763514280319214,-0.1502220779657364,-0.6226401925086975,-0.6871564388275146,-0.19389423727989197,-0.750045657157898,-0.891610324382782,-0.2364838719367981,-0.3236439526081085,-0.929983377456665,-0.056913916021585464,-0.3978900909423828,-1.290804147720337,-0.13003341853618622,-0.4408853054046631,-1.5079927444458008,-0.19751520454883575,-0.4656180143356323,-1.7094030380249023,-0.2513752281665802,-0.1388593167066574,-0.9871850609779358,-0.07863770425319672,-0.1673998087644577,-1.4133673906326294,-0.14009098708629608,-0.18670856952667236,-1.6852785348892212,-0.20702341198921204,-0.2007073014974594,-1.9213985204696655,-0.25995752215385437,0.0361107736825943,-0.9475939869880676,-0.11866428703069687,0.05532977357506752,-1.3548017740249634,-0.20205333828926086,0.06885210424661636,-1.6172618865966797,-0.2643987536430359,0.0756022185087204,-1.8553006649017334,-0.3093988001346588,0.19811789691448212,-0.835841178894043,-0.16749796271324158,0.2724085748195648,-1.130025863647461,-0.248831644654274,0.32585352659225464,-1.32832670211792,-0.28427034616470337,0.36999058723449707,-1.5181249380111694,-0.30886131525039673
stop,0.0,0.0,0.0,-0.29351165890693665,-0.11825509369373322,-0.1008734405040741,-0.5188160538673401,-0.3749973475933075,-0.15891192853450775,-0.6524016261100769,-0.6179802417755127,-0.2107279896736145,-0.7853525280952454,-0.8200679421424866,-0.26261472702026367,-0.3604472279548645,-0.9176071286201477,-0.09621727466583252,-0.459988534450531,-1.2784160375595093,-0.1771509200334549,-0.52262282371521,-1.497367024421692,-0.24483570456504822,-0.5683671236038208,-1.701746940612793,-0.29921388626098633,-0.16498076915740967,-0.9784266352653503,-0.12434902787208557,-0.1965683251619339,-1.4054609537124634,-0.1956997662782669,-0.21337072551250458,-1.6799792051315308,-0.26735323667526245,-0.2271219789981842,-1.9252350330352783,-0.3240508437156677,0.019502561539411545,-0.9300841093063354,-0.1676511913537979,0.055503424257040024,-1.3385517597198486,-0.26940062642097473,0.0877227783203125,-1.6031886339187622,-0.3475227355957031,0.10767405480146408,-1.8472517728805542,-0.4024208188056946,0.18857933580875397,-0.7985225319862366,-0.2169400304555893,0.30652835965156555,-1.0871491432189941,-0.32760101556777954,0.397644579410553,-1.2745915651321411,-0.380775511264801,0.46941155195236206,-1.4528815746307373,-0.4142530560493469
stop,0.0,0.0,0.0,-0.302286297082901,-0.10043016821146011,-0.09664954990148544,-0.5307535529136658,-0.35855114459991455,-0.15262466669082642,-0.6741132736206055,-0.587855875492096,-0.20286954939365387,-0.8162950873374939,-0.7807942032814026,-0.2540575861930847,-0.3824620842933655,-0.9119899272918701,-0.0887032002210617,-0.497524619102478,-1.2550363540649414,-0.17000442743301392,-0.578406035900116,-1.4622493982315063,-0.2413797825574875,-0.6525990962982178,-1.6557278633117676,-0.299807608127594,-0.192824125289917,-0.9736915230751038,-0.12142357230186462,-0.23705948889255524,-1.3841263055801392,-0.1949824094772339,-0.27329590916633606,-1.647867202758789,-0.2713366448879242,-0.3132145404815674,-1.8899363279342651,-0.330700159072876,-0.013330257497727871,-0.9237099289894104,-0.16895176470279694,0.004369861446321011,-1.3380343914031982,-0.27748820185661316,0.019546374678611755,-1.608122706413269,-0.36186861991882324,0.018167627975344658,-1.8682339191436768,-0.420015424489975,0.15476655960083008,-0.7862100601196289,-0.22129637002944946,0.26926591992378235,-1.0769301652908325,-0.34320366382598877,0.35294076800346375,-1.2683366537094116,-0.4019475281238556,0.41345441341400146,-1.4573544263839722,-0.4378162920475006
stop,0.0,0.0,0.0,-0.29258790612220764,-0.16995829343795776,-0.08130370080471039,-0.49721559882164,-0.4912116527557373,-0.12129592895507812,-0.6190311312675476,-0.7750259637832642,-0.1591167151927948,-0.7637062072753906,-0.9539370536804199,-0.19966281950473785,-0.31913313269615173,-0.9419237375259399,-0.07591928541660309,-0.4031907916069031,-1.309991717338562,-0.14978748559951782,-0.4601438641548157,-1.5324982404708862,-0.2113347351551056,-0.5053455233573914,-1.7395716905593872,-0.26194334030151367,-0.12484927475452423,-0.9861506223678589,-0.10917706042528152,-0.13871385157108307,-1.408503532409668,-0.17695452272891998,-0.15413448214530945,-1.6844552755355835,-0.2462967336177826,-0.1704840064048767,-1.9308120012283325,-0.30072644352912903,0.05567058175802231,-0.9269353747367859,-0.15569505095481873,0.11333288252353668,-1.3267747163772583,-0.2559659779071808,0.1495426893234253,-1.594773530960083,-0.3339400887489319,0.17324820160865784,-1.843832015991211,-0.3875417709350586,0.21841450035572052,-0.7896015048027039,-0.20625217258930206,0.358975887298584,-1.0682307481765747,-0.3136470913887024,0.4531175494194031,-1.263266921043396,-0.36690881848335266,0.526220440864563,-1.4523922204971313,-0.40078845620155334
stop,0.0,0.0,0.0,-0.30275431275367737,-0.15160991251468658,-0.08387036621570587,-0.5187342166900635,-0.4524083733558655,-0.12299516052007675,-0.6373159885406494,-0.7356533408164978,-0.1587408483028412,-0.761764645576477,-0.9401127696037292,-0.19579121470451355,-0.33939817547798157,-0.9266697764396667,-0.0611509308218956,-0.42745786905288696,-1.2714625597000122,-0.131460502743721,-0.48065438866615295,-1.487099528312683,-0.19384925067424774,-0.5140683650970459,-1.692419171333313,-0.24569015204906464,-0.13968366384506226,-0.9859018921852112,-0.09211894124746323,-0.1642579436302185,-1.3980220556259155,-0.1547069251537323,-0.17586229741573334,-1.6651976108551025,-0.22198079526424408,-0.1837816685438156,-1.9100146293640137,-0.2752404808998108,0.0501592680811882,-0.937767744064331,-0.1381300538778305,0.08258842676877975,-1.352907657623291,-0.2357950657606125,0.107168048620224,-1.6293282508850098,-0.3126421570777893,0.12091270089149475,-1.8867707252502441,-0.36552196741104126,0.22751526534557343,-0.8080784678459167,-0.1883242130279541,0.3482353389263153,-1.1140296459197998,-0.29245525598526,0.43223974108695984,-1.323464274406433,-0.3430272340774536,0.4961974620819092,-1.5274397134780884,-0.3753949999809265
stop,0.0,0.0,0.0,-0.29766398668289185,-0.15342320501804352,-0.10445887595415115,-0.4997859597206116,-0.42806684970855713,-0.16391542553901672,-0.5950818657875061,-0.6890092492103577,-0.21547545492649078,-0.6920912265777588,-0.9142254590988159,-0.2690766751766205,-0.3221663534641266,-0.9397648572921753,-0.12070800364017487,-0.3840808570384979,-1.2946971654891968,-0.21347607672214508,-0.41894519329071045,-1.5244438648223877,-0.2874561548233032,-0.4374749958515167,-1.7418766021728516,-0.34548309445381165,-0.10054055601358414,-0.9835735559463501,-0.14991508424282074,-0.07739055156707764,-1.4056625366210938,-0.2319141924381256,-0.05497296527028084,-1.6777291297912598,-0.30794206261634827,-0.03345752879977226,-1.9316679239273071,-0.366859495639801,0.0962812528014183,-0.9088771343231201,-0.19344277679920197,0.18381816148757935,-1.3172802925109863,-0.31010711193084717,0.24206101894378662,-1.5822652578353882,-0.39529311656951904,0.2797849178314209,-1.8355391025543213,-0.45223841071128845,0.2717306315898895,-0.7462785243988037,-0.2413995862007141,0.43557029962539673,-1.0362781286239624,-0.36597147583961487,0.5436665415763855,-1.230767846107483,-0.42500096559524536,0.6235299706459045,-1.4278935194015503,-0.46048808097839355
stop,0.0,0.0,0.0,-0.29146337509155273,-0.15248751640319824,-0.08736635744571686,-0.4892953336238861,-0.43557050824165344,-0.13300907611846924,-0.5831708312034607,-0.6909142732620239,-0.17474183440208435,-0.6837531924247742,-0.8968855142593384,-0.21882523596286774,-0.30131226778030396,-0.9495171904563904,-0.07243363559246063,-0.37822479009628296,-1.2990974187850952,-0.14505986869335175,-0.42327895760536194,-1.515625,-0.2100679874420166,-0.4576835334300995,-1.7085464000701904,-0.2617696523666382,-0.09283910691738129,-0.9902342557907104,-0.10400480777025223,-0.08656952530145645,-1.4149744510650635,-0.1672055870294571,-0.08407604694366455,-1.6744946241378784,-0.2396484613418579,-0.08654234558343887,-1.9123302698135376,-0.29609888792037964,0.09748469293117523,-0.926396369934082,-0.14970898628234863,0.16551373898983002,-1.3370184898376465,-0.24625931680202484,0.21623001992702484,-1.602108120918274,-0.3267459273338318,0.24578949809074402,-1.8524328470230103,-0.3824998140335083,0.2700901925563812,-0.7787022590637207,-0.19945862889289856,0.41607141494750977,-1.0715649127960205,-0.3012470602989197,0.5217766761779785,-1.2581965923309326,-0.3481373190879822,0.600737988948822,-1.4411747455596924,-0.3773109018802643
stop,0.0,0.0,0.0,-0.27743083238601685,-0.15200483798980713,-0.11057538539171219,-0.4701487421989441,-0.45518478751182556,-0.17567330598831177,-0.5969641804695129,-0.7120087146759033,-0.23352502286434174,-0.7369842529296875,-0.9045835137367249,-0.2910580039024353,-0.2949884235858917,-0.9620632529258728,-0.09924054145812988,-0.31624770164489746,-1.3561749458312988,-0.19413331151008606,-0.31006160378456116,-1.6011258363723755,-0.2735757827758789,-0.28856247663497925,-1.8195397853851318,-0.3325212597846985,-0.11371278017759323,-0.9857062697410583,-0.12430861592292786,-0.11012070626020432,-1.4330850839614868,-0.2056698203086853,-0.08657286316156387,-1.7231990098953247,-0.2786722779273987,-0.0590459406375885,-1.972261905670166,-0.3334052860736847,0.05445413663983345,-0.9163865447044373,-0.1666661500930786,0.07336217910051346,-1.340120553970337,-0.259957492351532,0.09188385307788849,-1.5989527702331543,-0.31825706362724304,0.10735918581485748,-1.8354653120040894,-0.35888567566871643,0.21733610332012177,-0.7770445346832275,-0.21899273991584778,0.28515154123306274,-1.0910054445266724,-0.306029349565506,0.33680489659309387,-1.2983615398406982,-0.3403085470199585,0.38003671169281006,-1.4983704090118408,-0.36246469616889954
stop,0.0,0.0,0.0,-0.2622126042842865,-0.16729854047298431,-0.13387784361839294,-0.442046582698822,-0.4520997405052185,-0.2149610072374344,-0.5838526487350464,-0.7151809930801392,-0.28498905897140503,-0.7304271459579468,-0.9344817996025085,-0.3547199070453644,-0.2493051290512085,-0.9622006416320801,-0.13770851492881775,-0.3013435900211334,-1.3693459033966064,-0.2346736341714859,-0.33863765001296997,-1.622804880142212,-0.3115825355052948,-0.35770395398139954,-1.8521353006362915,-0.3726220428943634,-0.04757549986243248,-0.9865462183952332,-0.1564066857099533,-0.04445674270391464,-1.4482831954956055,-0.24711892008781433,-0.03322649374604225,-1.7511574029922485,-0.3301588296890259,-0.018562469631433487,-2.0202066898345947,-0.3933696448802948,0.13891072571277618,-0.9003100395202637,-0.1920214146375656,0.19975560903549194,-1.339565396308899,-0.3114769160747528,0.2461193948984146,-1.6237952709197998,-0.3989470899105072,0.2757015526294708,-1.8888928890228271,-0.45846202969551086,0.3148176670074463,-0.7366660833358765,-0.2349082976579666,0.4597097337245941,-1.027197003364563,-0.3585909903049469,0.5566754937171936,-1.2258281707763672,-0.4203293025493622,0.6304493546485901,-1.4257683753967285,-0.45952439308166504
stop,0.0,0.0,0.0,-0.27057573199272156,-0.15666162967681885,-0.14652132987976074,-0.47615620493888855,-0.4494004547595978,-0.26387715339660645,-0.6224233508110046,-0.7003819346427917,-0.36749550700187683,-0.7902625203132629,-0.922319233417511,-0.4763922691345215,-0.347046822309494,-0.9399651288986206,-0.2599700093269348,-0.3822111487388611,-1.4068506956100464,-0.4185621738433838,-0.3748599886894226,-1.6911261081695557,-0.5259026288986206,-0.3519490361213684,-1.9510294198989868,-0.5977096557617188,-0.1508426070213318,-0.9453429579734802,-0.2890903353691101,-0.17069385945796967,-1.4789113998413086,-0.4335635304450989,-0.1616925597190857,-1.827232837677002,-0.5289098024368286,-0.1463698297739029,-2.1402533054351807,-0.5941203236579895,0.04581871256232262,-0.8513959646224976,-0.33039310574531555,0.030639776960015297,-1.3667597770690918,-0.47034406661987305,0.02752098999917507,-1.686214566230774,-0.5432156920433044,0.024129729717969894,-1.9820717573165894,-0.5888407826423645,0.24474263191223145,-0.6957018375396729,-0.38047781586647034,0.2488178014755249,-1.0813510417938232,-0.5084933042526245,0.2504492998123169,-1.3440107107162476,-0.5571417212486267,0.24728712439537048,-1.5999910831451416,-0.5840018391609192
stop,0.0,0.0,0.0,-0.3082687556743622,-0.10021057724952698,-0.10690149664878845,-0.5574836134910583,-0.342639684677124,-0.1784401386976242,-0.7417342066764832,-0.5514448881149292,-0.24419859051704407,-0.9208533763885498,-0.7014200687408447,-0.3127705454826355,-0.40899857878685,-0.9138249158859253,-0.15789587795734406,-0.5439683794975281,-1.3023724555969238,-0.262247234582901,-0.6272178888320923,-1.5382330417633057,-0.3372073173522949,-0.6887414455413818,-1.7631103992462158,-0.3976471424102783,-0.20605450868606567,-0.9584589600563049,-0.197225883603096,-0.23685796558856964,-1.4076581001281738,-0.2985364496707916,-0.23332607746124268,-1.719226360321045,-0.3803461194038391,-0.21646571159362793,-1.998636245727539,-0.441768616437912,-0.012531072832643986,-0.8775079250335693,-0.24946817755699158,0.04217063635587692,-1.2945877313613892,-0.38791802525520325,0.08992887288331985,-1.570433497428894,-0.48262014985084534,0.13048486411571503,-1.8385953903198242,-0.544366717338562,0.17232652008533478,-0.7107617855072021,-0.30590400099754333,0.34011000394821167,-0.9818200469017029,-0.4577065408229828,0.4566859006881714,-1.1649068593978882,-0.5300215482711792,0.5504088401794434,-1.3516794443130493,-0.5722908973693848
stop,0.0,0.0,0.0,-0.3158048689365387,-0.11231876909732819,-0.111505888402462,-0.5296159386634827,-0.4028278887271881,-0.1796751320362091,-0.6449643969535828,-0.6728938817977905,-0.23993846774101257,-0.7875745296478271,-0.8660477995872498,-0.3003169298171997,-0.4205060601234436,-0.9162977337837219,-0.12885159254074097,-0.47282931208610535,-1.332493782043457,-0.24290955066680908,-0.4792288839817047,-1.5882235765457153,-0.33181196451187134,-0.47077882289886475,-1.818719744682312,-0.3940766751766205,-0.24661797285079956,-0.9562293887138367,-0.15749570727348328,-0.29082149267196655,-1.4255897998809814,-0.2569768726825714,-0.29987576603889465,-1.7308461666107178,-0.33523398637771606,-0.30099111795425415,-2.000615358352661,-0.3907642066478729,-0.07333354651927948,-0.9028310179710388,-0.2021700143814087,-0.10480067878961563,-1.3547567129135132,-0.307778537273407,-0.11324349045753479,-1.6320359706878662,-0.36570507287979126,-0.11952245980501175,-1.8845280408859253,-0.4033873379230499,0.10681354254484177,-0.7820240259170532,-0.2567802965641022,0.11923349648714066,-1.1247155666351318,-0.3572719097137451,0.13443022966384888,-1.349735140800476,-0.39384564757347107,0.14370086789131165,-1.5613678693771362,-0.41416803002357483
stop,0.0,0.0,0.0,-0.32563912868499756,-0.11067405343055725,-0.10790803283452988,-0.5433329343795776,-0.4053051471710205,-0.17312055826187134,-0.656069815158844,-0.6809264421463013,-0.23069074749946594,-0.7905378937721252,-0.8836300373077393,-0.2886013388633728,-0.4426722228527069,-0.9081869721412659,-0.12975762784481049,-0.5012154579162598,-1.3285294771194458,-0.24442994594573975,-0.5068889260292053,-1.5882909297943115,-0.33243614435195923,-0.49622151255607605,-1.8221973180770874,-0.3937510848045349,-0.26509732007980347,-0.9507618546485901,-0.16054697334766388,-0.31560006737709045,-1.42732572555542,-0.26180344820022583,-0.32962653040885925,-1.7387250661849976,-0.3423050343990326,-0.33429086208343506,-2.013242721557617,-0.3992990553379059,-0.086341492831707,-0.8986233472824097,-0.20667198300361633,-0.12200357764959335,-1.34766685962677,-0.3163056969642639,-0.13230624794960022,-1.630802035331726,-0.37901362776756287,-0.13935020565986633,-1.8885363340377808,-0.41976308822631836,0.09942857921123505,-0.7786600589752197,-0.2617267966270447,0.10922638326883316,-1.1201612949371338,-0.3672773838043213,0.12611675262451172,-1.344955325126648,-0.4069211184978485,0.13716411590576172,-1.5574138164520264,-0.42907392978668213
stop,0.0,0.0,0.0,-0.3253355622291565,-0.09901043772697449,-0.11562861502170563,-0.5494838953018188,-0.39102703332901,-0.19257530570030212,-0.6761777400970459,-0.6618855595588684,-0.2605820298194885,-0.8276199698448181,-0.8602941632270813,-0.33043554425239563,-0.4308842420578003,-0.9112372398376465,-0.15469184517860413,-0.49295416474342346,-1.3481221199035645,-0.27973663806915283,-0.5003129243850708,-1.615915298461914,-0.3746955692768097,-0.4919704794883728,-1.8566904067993164,-0.44082826375961304,-0.2528049647808075,-0.9491012692451477,-0.18787328898906708,-0.3012043833732605,-1.4373027086257935,-0.30152562260627747,-0.3152492344379425,-1.7546786069869995,-0.3882645070552826,-0.3208811581134796,-2.03285551071167,-0.4488745331764221,-0.07267975062131882,-0.8926828503608704,-0.23590384423732758,-0.1140190064907074,-1.3561694622039795,-0.35333049297332764,-0.12575922906398773,-1.648979663848877,-0.41876187920570374,-0.13340699672698975,-1.914231300354004,-0.4609314799308777,0.11296974122524261,-0.7688825726509094,-0.2930326461791992,0.10683956742286682,-1.1260110139846802,-0.40414080023765564,0.11599979549646378,-1.3592599630355835,-0.44525840878486633,0.12404429167509079,-1.5795162916183472,-0.46816888451576233
stop,0.0,0.0,0.0,-0.2785220146179199,-0.13938064873218536,-0.12989015877246857,-0.47264814376831055,-0.42119330167770386,-0.21846793591976166,-0.6014168858528137,-0.6639739274978638,-0.296608567237854,-0.7469424605369568,-0.864215612411499,-0.3763972818851471,-0.3337179124355316,-0.9505860805511475,-0.1606411188840866,-0.3695656359195709,-1.3822835683822632,-0.2835148870944977,-0.3688340485095978,-1.643195629119873,-0.37867990136146545,-0.34868019819259644,-1.8810557126998901,-0.4460369348526001,-0.1477510929107666,-0.9709242582321167,-0.18834999203681946,-0.17362350225448608,-1.4652135372161865,-0.2979920208454132,-0.1748676598072052,-1.7843180894851685,-0.3887205719947815,-0.16742931306362152,-2.068354606628418,-0.45415574312210083,0.03131068870425224,-0.8977568745613098,-0.2320961207151413,0.023997396230697632,-1.3650482892990112,-0.3483661115169525,0.027461515739560127,-1.6545554399490356,-0.42063188552856445,0.03086930885910988,-1.9209619760513306,-0.4687681794166565,0.20981234312057495,-0.7587042450904846,-0.2856053113937378,0.23551374673843384,-1.1106973886489868,-0.3926829993724823,0.26021096110343933,-1.3423973321914673,-0.43605539202690125,0.2801212668418884,-1.5688273906707764,-0.46291106939315796
stop,0.0,0.0,0.0,-0.2769510746002197,-0.14544975757598877,-0.10802854597568512,-0.4846487045288086,-0.38390007615089417,-0.1830524206161499,-0.6500107645988464,-0.596545934677124,-0.2528456747531891,-0.8067972660064697,-0.7637171745300293,-0.3259600102901459,-0.3316939175128937,-0.9209086894989014,-0.12582261860370636,-0.45004764199256897,-1.2887473106384277,-0.22646339237689972,-0.5278604030609131,-1.5304756164550781,-0.3062938451766968,-0.5786829590797424,-1.752171516418457,-0.36906951665878296,-0.1286829262971878,-0.9788780808448792,-0.15886561572551727,-0.14740437269210815,-1.4231157302856445,-0.24934837222099304,-0.14390434324741364,-1.7207705974578857,-0.3302922248840332,-0.13363616168498993,-1.9805301427841187,-0.39133235812187195,0.061938684433698654,-0.9098565578460693,-0.20688864588737488,0.11666304618120193,-1.3271962404251099,-0.3267805278301239,0.16402794420719147,-1.6005443334579468,-0.4142496585845947,0.19982920587062836,-1.8549411296844482,-0.4733160436153412,0.23835033178329468,-0.7476418614387512,-0.26015281677246094,0.3852394223213196,-1.0128990411758423,-0.38584789633750916,0.48363980650901794,-1.1957250833511353,-0.44498568773269653,0.5601703524589539,-1.3758567571640015,-0.48120155930519104
stop,0.0,0.0,0.0,-0.2822309136390686,-0.13969168066978455,-0.09445526450872421,-0.5023626089096069,-0.40472862124443054,-0.14863602817058563,-0.6472638249397278,-0.6425915360450745,-0.19858235120773315,-0.7871749997138977,-0.8304610252380371,-0.24973714351654053,-0.34746360778808594,-0.9193650484085083,-0.08553893119096756,-0.46291276812553406,-1.264082670211792,-0.16180655360221863,-0.5299321413040161,-1.4807320833206177,-0.22408074140548706,-0.5719470977783203,-1.681901216506958,-0.27518945932388306,-0.1585593968629837,-0.9805684089660645,-0.11551821976900101,-0.1706482321023941,-1.4068140983581543,-0.18553397059440613,-0.16630446910858154,-1.684427261352539,-0.25243911147117615,-0.1553822159767151,-1.9267853498458862,-0.30430856347084045,0.015407302416861057,-0.9264410734176636,-0.1611987054347992,0.06918420642614365,-1.3263967037200928,-0.26604387164115906,0.11633538454771042,-1.5868809223175049,-0.34693822264671326,0.15361575782299042,-1.8283121585845947,-0.4021870791912079,0.17364279925823212,-0.7877507209777832,-0.2120605856180191,0.3113713562488556,-1.053481101989746,-0.3279511630535126,0.4127698838710785,-1.2314283847808838,-0.38593095541000366,0.49342259764671326,-1.4031366109848022,-0.42177581787109375
stop,0.0,0.0,0.0,-0.2933022081851959,-0.14750520884990692,-0.10263489931821823,-0.5083308815956116,-0.4247773587703705,-0.15675868093967438,-0.6367695927619934,-0.685050904750824,-0.20594783127307892,-0.7755727171897888,-0.8851169943809509,-0.2554917335510254,-0.33997485041618347,-0.9284132719039917,-0.08949669450521469,-0.44943299889564514,-1.2941945791244507,-0.16950160264968872,-0.5131213665008545,-1.524553656578064,-0.2332170456647873,-0.5539844036102295,-1.737427830696106,-0.28434571623802185,-0.14647607505321503,-0.9824151396751404,-0.1157810166478157,-0.15431436896324158,-1.4246405363082886,-0.1887325793504715,-0.15297500789165497,-1.713395357131958,-0.25795504450798035,-0.14570049941539764,-1.9640675783157349,-0.3105858266353607,0.029112936928868294,-0.9280498027801514,-0.15846405923366547,0.08775847405195236,-1.342239260673523,-0.2636370360851288,0.13679350912570953,-1.6125750541687012,-0.34291887283325195,0.17668507993221283,-1.860246181488037,-0.39622196555137634,0.1874050796031952,-0.7926647663116455,-0.207560732960701,0.32658931612968445,-1.0611801147460938,-0.32235217094421387,0.4257134199142456,-1.247509241104126,-0.3794083595275879,0.5052034258842468,-1.42694091796875,-0.41410690546035767
thumbs_up,0.0,0.0,0.0,0.10653874278068542,-0.7118714451789856,-0.04824407398700714,0.3736498951911926,-1.3201624155044556,-0.1433790922164917,0.5624688863754272,-1.7895162105560303,-0.22572162747383118,0.56434166431427,-2.191323757171631,-0.28591015934944153,0.6357904076576233,-1.0593037605285645,-0.32542335987091064,1.1942737102508545,-1.1390581130981445,-0.4237835705280304,1.025342583656311,-1.0877017974853516,-0.41396069526672363,0.8180233836174011,-1.0440683364868164,-0.3905198574066162,0.7277489900588989,-0.5860796570777893,-0.3562191128730774,1.2766082286834717,-0.7403873801231384,-0.3989613354206085,1.0973132848739624,-0.7503963112831116,-0.31998178362846375,0.8941789865493774,-0.6966866254806519,-0.27690285444259644,0.7756690979003906,-0.15354281663894653,-0.3744994103908539,1.2547457218170166,-0.3342529833316803,-0.3796784281730652,1.0855095386505127,-0.3563605844974518,-0.24221904575824738,0.8977049589157104,-0.2939480245113373,-0.16975471377372742,0.7980843782424927,0.22762936353683472,-0.3929493725299835,1.1795578002929688,0.03388750180602074,-0.3612053394317627,1.0402432680130005,-0.008783496916294098,-0.2334737926721573,0.8796651363372803,0.03918229416012764,-0.15537795424461365
thumbs_up,0.0,0.0,0.0,0.10286649316549301,-0.7124459147453308,-0.04799473285675049,0.36577507853507996,-1.3185747861862183,-0.14269398152828217,0.5559655427932739,-1.784204125404358,-0.2242380529642105,0.5658890604972839,-2.184086561203003,-0.283290296792984,0.6303373575210571,-1.0643291473388672,-0.32689470052719116,1.1827983856201172,-1.1321216821670532,-0.4225153923034668,1.015831470489502,-1.0863149166107178,-0.4094552993774414,0.8087923526763916,-1.049502968788147,-0.38370296359062195,0.7231627702713013,-0.5913265347480774,-0.3568873405456543,1.2678791284561157,-0.7412107586860657,-0.395306795835495,1.0944011211395264,-0.7553923726081848,-0.3154115378856659,0.8946574330329895,-0.7031266093254089,-0.2726830542087555,0.7727437615394592,-0.1576072722673416,-0.37388062477111816,1.2472245693206787,-0.33688971400260925,-0.37526828050613403,1.082492470741272,-0.36265596747398376,-0.2389979064464569,0.8964098691940308,-0.3010171949863434,-0.1682983636856079,0.7978328466415405,0.22609926760196686,-0.39111948013305664,1.1785506010055542,0.031594470143318176,-0.35775160789489746,1.0445606708526611,-0.01442809496074915,-0.2321319729089737,0.8854696154594421,0.033136554062366486,-0.1557701975107193
thumbs_up,0.0,0.0,0.0,0.10752963274717331,-0.7149800658226013,-0.049194201827049255,0.37066003680229187,-1.3188951015472412,-0.1463552862405777,0.5600510239601135,-1.7860215902328491,-0.23114779591560364,0.5660686492919922,-2.1924657821655273,-0.2938287854194641,0.6410341858863831,-1.0598558187484741,-0.3217858374118805,1.1821893453598022,-1.1246278285980225,-0.42179691791534424,1.0113816261291504,-1.0837814807891846,-0.41486403346061707,0.8043400645256042,-1.0466169118881226,-0.3931554853916168,0.7303256392478943,-0.5849089622497559,-0.3528541326522827,1.2640331983566284,-0.7348538637161255,-0.3934876322746277,1.0888373851776123,-0.755111575126648,-0.3167996406555176,0.8924954533576965,-0.6996926069259644,-0.2770903408527374,0.7774442434310913,-0.15265844762325287,-0.3719936013221741,1.2469563484191895,-0.3330509066581726,-0.37769177556037903,1.0791559219360352,-0.36358025670051575,-0.24224410951137543,0.892753005027771,-0.29912838339805603,-0.1714104413986206,0.8019716143608093,0.22900813817977905,-0.3917492628097534,1.1838148832321167,0.03280806913971901,-0.36147210001945496,1.0464340448379517,-0.018846269696950912,-0.23579388856887817,0.884937047958374,0.02968253567814827,-0.15885500609874725
thumbs_up,0.0,0.0,0.0,0.11645649373531342,-0.708256185054779,-0.06442389637231827,0.3716276288032532,-1.2949551343917847,-0.15981468558311462,0.5484954714775085,-1.757592797279358,-0.24880921840667725,0.5730424523353577,-2.170379400253296,-0.3169150650501251,0.6803162097930908,-1.0064382553100586,-0.2406395822763443,1.1830499172210693,-1.1286495923995972,-0.34755900502204895,1.0099273920059204,-1.071319580078125,-0.3794375956058502,0.807098388671875,-1.0101501941680908,-0.38653603196144104,0.7850743532180786,-0.5569911599159241,-0.2709593176841736,1.2778539657592773,-0.7266530990600586,-0.3132646977901459,1.1060305833816528,-0.7222806811332703,-0.2808014750480652,0.8976255655288696,-0.6572293043136597,-0.2677885591983795,0.83559650182724,-0.13355031609535217,-0.29733946919441223,1.255979061126709,-0.3329492211341858,-0.3067190945148468,1.0950566530227661,-0.336885929107666,-0.21016913652420044,0.9026786684989929,-0.26246562600135803,-0.1624649465084076,0.8509952425956726,0.2505127191543579,-0.32776162028312683,1.1760040521621704,0.04511376842856407,-0.3143501877784729,1.0515499114990234,0.014745230786502361,-0.21259327232837677,0.898511528968811,0.07880505919456482,-0.14620277285575867
thumbs_up,0.0,0.0,0.0,0.16174395382404327,-0.7342733144760132,-0.07149617373943329,0.46003976464271545,-1.3792449235916138,-0.20165349543094635,0.6661015748977661,-1.864820122718811,-0.3161664307117462,0.7251623272895813,-2.3122334480285645,-0.4027167558670044,0.6451395153999329,-1.0824357271194458,-0.412282794713974,1.263875126838684,-1.1422338485717773,-0.5549043416976929,1.1169369220733643,-1.0747592449188232,-0.5573384761810303,0.8904781937599182,-1.016234278678894,-0.5312967300415039,0.7067223191261292,-0.5425789952278137,-0.4540390968322754,1.3685699701309204,-0.6817273497581482,-0.550813615322113,1.1883482933044434,-0.6937903761863708,-0.4787760376930237,0.9304366707801819,-0.6422479748725891,-0.4272141456604004,0.7439555525779724,-0.05279061943292618,-0.48309487104415894,1.3392045497894287,-0.23557479679584503,-0.52596116065979,1.1540641784667969,-0.26394519209861755,-0.3718503415584564,0.920372724533081,-0.20208188891410828,-0.2774156332015991,0.7636746168136597,0.3826788663864136,-0.5148608088493347,1.2376642227172852,0.19757702946662903,-0.5061357021331787,1.090287685394287,0.14180274307727814,-0.3667808473110199,0.8898130059242249,0.1870860755443573,-0.27444517612457275
thumbs_up,0.0,0.0,0.0,0.11673809587955475,-0.7233433127403259,-0.0498184859752655,0.33837249875068665,-1.2857141494750977,-0.1607595533132553,0.5059061646461487,-1.741901159286499,-0.25306689739227295,0.5020868182182312,-2.1271016597747803,-0.32340937852859497,0.6233994364738464,-1.0557682514190674,-0.3672759532928467,1.1296429634094238,-1.0722144842147827,-0.43672770261764526,0.9932096600532532,-1.000916838645935,-0.3984832167625427,0.8057562708854675,-0.9786992073059082,-0.3633789122104645,0.7170090675354004,-0.572731614112854,-0.3973369002342224,1.2120174169540405,-0.6877363324165344,-0.409736305475235,1.0563303232192993,-0.6858931183815002,-0.3140595853328705,0.8625909686088562,-0.6466788649559021,-0.273030549287796,0.762729823589325,-0.1266842931509018,-0.40815192461013794,1.1980708837509155,-0.29843154549598694,-0.3902369439601898,1.0402370691299438,-0.30095407366752625,-0.24384784698486328,0.8549424409866333,-0.23601526021957397,-0.17790105938911438,0.773166298866272,0.26490718126296997,-0.4187679588794708,1.121097207069397,0.08375318348407745,-0.3818995952606201,0.9885664582252502,0.0640764832496643,-0.2498796582221985,0.8355879187583923,0.12228856980800629,-0.17203666269779205
thumbs_up,0.0,0.0,0.0,0.07673486322164536,-0.6922063231468201,-0.011638074181973934,0.2943204343318939,-1.119568943977356,-0.0652802586555481,0.5377115607261658,-1.4793411493301392,-0.11506083607673645,0.6433010101318359,-1.8109124898910522,-0.1481844037771225,0.8436103463172913,-0.8136245608329773,-0.08565086871385574,1.1187268495559692,-0.8838260173797607,-0.03818545490503311,0.9712023138999939,-0.8950899839401245,0.01467684842646122,0.82051020860672,-0.8722519874572754,0.04344054311513901,0.9144393801689148,-0.3953283131122589,-0.08669548481702805,1.1155471801757812,-0.5524891018867493,0.01999204233288765,0.9773710370063782,-0.6046701073646545,0.08763283491134644,0.8434843420982361,-0.5582073330879211,0.0928095281124115,0.8962395191192627,-0.030754558742046356,-0.07397402822971344,1.0841060876846313,-0.2238467037677765,0.028437573462724686,0.9713248014450073,-0.2713739573955536,0.10015963762998581,0.8294365406036377,-0.22527547180652618,0.10183610767126083,0.8528955578804016,0.27305665612220764,-0.06009722873568535,1.0132825374603271,0.09412813186645508,0.026540175080299377,0.9230346083641052,0.03236079961061478,0.1087617352604866,0.8021784424781799,0.0627475380897522,0.14745287597179413
thumbs_up,0.0,0.0,0.0,0.11209745705127716,-0.678718626499176,-0.020068334415555,0.3043123483657837,-1.1732079982757568,-0.10300645232200623,0.4226812720298767,-1.598368763923645,-0.17871779203414917,0.39879658818244934,-1.9756313562393188,-0.23853620886802673,0.6978155374526978,-0.9957073330879211,-0.23216167092323303,1.0805656909942627,-0.956509530544281,-0.2514983117580414,0.9510558247566223,-0.8757497072219849,-0.20936210453510284,0.7753162980079651,-0.8545483946800232,-0.1807042360305786,0.7794744968414307,-0.5680173635482788,-0.26415106654167175,1.1135942935943604,-0.5994941592216492,-0.21614615619182587,0.9787197113037109,-0.5707540512084961,-0.14154087007045746,0.8162187933921814,-0.5357076525688171,-0.12683984637260437,0.7999891042709351,-0.15453623235225677,-0.27885469794273376,1.0977388620376587,-0.24723021686077118,-0.21798482537269592,0.965320885181427,-0.22473973035812378,-0.11387598514556885,0.7988110780715942,-0.17386452853679657,-0.08790712803602219,0.7869400978088379,0.21714527904987335,-0.2925552725791931,0.9917052984237671,0.09248321503400803,-0.242416650056839,0.8813198208808899,0.08654091507196426,-0.14221800863742828,0.757906436920166,0.12411075085401535,-0.08889257907867432
thumbs_up,0.0,0.0,0.0,0.17862464487552643,-0.7318653464317322,-0.04922659322619438,0.41560474038124084,-1.287854790687561,-0.1360798329114914,0.6684802770614624,-1.686713695526123,-0.2061823457479477,0.915530264377594,-1.8987784385681152,-0.24453775584697723,0.7818571329116821,-0.9602640271186829,-0.2690880596637726,1.207655429840088,-0.9278261065483093,-0.2895764112472534,1.0522539615631104,-0.9088356494903564,-0.22513219714164734,0.8660427331924438,-0.9019431471824646,-0.17611919343471527,0.8465411067008972,-0.450412392616272,-0.2837195098400116,1.2527024745941162,-0.5232082605361938,-0.2574758529663086,1.106488823890686,-0.5632476806640625,-0.17140965163707733,0.9207886457443237,-0.5347731709480286,-0.13908614218235016,0.8570831418037415,-0.007967907935380936,-0.2828831672668457,1.204297423362732,-0.13712331652641296,-0.23713111877441406,1.071282148361206,-0.16461880505084991,-0.11807315796613693,0.8941001892089844,-0.11817843466997147,-0.07283545285463333,0.8366686105728149,0.36670008301734924,-0.28257548809051514,1.126305341720581,0.21877868473529816,-0.23720858991146088,1.0166043043136597,0.168416365981102,-0.13007181882858276,0.8698111772537231,0.20433582365512848,-0.06688359379768372
thumbs_up,0.0,0.0,0.0,0.1745198369026184,-0.7377932667732239,-0.04301208257675171,0.41147908568382263,-1.3013432025909424,-0.13489164412021637,0.6263044476509094,-1.7314125299453735,-0.20912648737430573,0.7395039200782776,-2.085394859313965,-0.25721704959869385,0.7410401701927185,-0.9921674132347107,-0.304378479719162,1.173798680305481,-0.9715451002120972,-0.31929734349250793,1.026755928993225,-0.9340402483940125,-0.24333113431930542,0.8510265350341797,-0.9241030216217041,-0.18960796296596527,0.8126794695854187,-0.48412439227104187,-0.324307918548584,1.23688805103302,-0.5723733305931091,-0.296917200088501,1.0935187339782715,-0.5988386869430542,-0.20050257444381714,0.9061383008956909,-0.5700165629386902,-0.16394035518169403,0.8286284804344177,-0.04161805287003517,-0.32394424080848694,1.1879123449325562,-0.18562465906143188,-0.27043092250823975,1.0529879331588745,-0.2036919891834259,-0.14251554012298584,0.8737106323242188,-0.15068553388118744,-0.0969434529542923,0.8153299689292908,0.33718374371528625,-0.32319092750549316,1.1010921001434326,0.1713801920413971,-0.27063480019569397,0.9918496608734131,0.12795312702655792,-0.15783032774925232,0.8509616255760193,0.1705118864774704,-0.09632068127393723
thumbs_up,0.0,0.0,0.0,0.17284995317459106,-0.731849193572998,-0.0443001426756382,0.41872599720954895,-1.2887872457504272,-0.1395285427570343,0.6204789280891418,-1.7252336740493774,-0.22025515139102936,0.6937768459320068,-2.1153202056884766,-0.2779484689235687,0.7421206831932068,-0.9924585223197937,-0.2918022871017456,1.169011116027832,-0.9653372168540955,-0.32382646203041077,1.0259668827056885,-0.9201616048812866,-0.2711373269557953,0.8524588346481323,-0.9065559506416321,-0.23268432915210724,0.8094022274017334,-0.494144082069397,-0.317316472530365,1.2352622747421265,-0.5661401152610779,-0.30256444215774536,1.0945008993148804,-0.5831388831138611,-0.21988767385482788,0.9064666032791138,-0.5519241690635681,-0.1910766363143921,0.8219537734985352,-0.04977056384086609,-0.3247907757759094,1.1882990598678589,-0.17179477214813232,-0.28320810198783875,1.0512646436691284,-0.18843455612659454,-0.1591590791940689,0.8687562346458435,-0.13891492784023285,-0.11299896985292435,0.80463707447052,0.3346717357635498,-0.33250096440315247,1.100197434425354,0.1877417117357254,-0.28523656725883484,0.9875099658966064,0.14554248750209808,-0.17027027904987335,0.8419312238693237,0.18450583517551422,-0.10603471100330353
thumbs_up,0.0,0.0,0.0,0.17667312920093536,-0.6761685013771057,0.02517819218337536,0.39131417870521545,-1.2001184225082397,-0.04727783799171448,0.45764315128326416,-1.6451154947280884,-0.12304584681987762,0.3474101424217224,-1.9851868152618408,-0.18775300681591034,0.7970529794692993,-0.9271066784858704,-0.21988190710544586,1.2047410011291504,-0.8035820126533508,-0.22065749764442444,1.0827466249465942,-0.7309718728065491,-0.15911051630973816,0.9045268297195435,-0.7325595617294312,-0.11735635250806808,0.8401980400085449,-0.4677351713180542,-0.27439209818840027,1.2393913269042969,-0.42277953028678894,-0.21406111121177673,1.1039402484893799,-0.4152584373950958,-0.12037613987922668,0.911056399345398,-0.40485483407974243,-0.09250064939260483,0.8318665623664856,-0.03598610684275627,-0.3058503270149231,1.189229130744934,-0.07613588124513626,-0.21819303929805756,1.0522186756134033,-0.06697530299425125,-0.09882102906703949,0.8600950241088867,-0.037793971598148346,-0.06758739799261093,0.7969344258308411,0.34924373030662537,-0.3343643546104431,1.0795369148254395,0.2632845640182495,-0.2590179741382599,0.9636833667755127,0.23682817816734314,-0.1440007984638214,0.8096328377723694,0.24924075603485107,-0.0868273377418518
thumbs_up,0.0,0.0,0.0,-0.09943880885839462,-0.6756350994110107,-0.034618452191352844,-0.31903761625289917,-1.2041417360305786,-0.10998885333538055,-0.5319039821624756,-1.6650944948196411,-0.17239677906036377,-0.552156388759613,-2.065443277359009,-0.22688831388950348,-0.7090409994125366,-0.9529672861099243,-0.2178758680820465,-1.133035659790039,-1.1048749685287476,-0.2606560289859772,-0.963215172290802,-1.0707123279571533,-0.2604324519634247,-0.7756061553955078,-0.998041033744812,-0.24686332046985626,-0.8252876996994019,-0.5232728123664856,-0.21233394742012024,-1.200160264968872,-0.7412732243537903,-0.18747985363006592,-1.0464136600494385,-0.7527569532394409,-0.1386786550283432,-0.8840232491493225,-0.6850912570953369,-0.12348385155200958,-0.8823637366294861,-0.1333511918783188,-0.19185307621955872,-1.1733185052871704,-0.3790220022201538,-0.13153690099716187,-1.0387381315231323,-0.4076821208000183,-0.050930868834257126,-0.884982168674469,-0.3428035378456116,-0.026370415464043617,-0.8945612907409668,0.18340706825256348,-0.17327365279197693,-1.082552194595337,-0.04776300862431526,-0.10821563750505447,-0.9639518857002258,-0.08390773087739944,-0.021242132410407066,-0.8464717864990234,-0.040778450667858124,0.03138409182429314
thumbs_up,0.0,0.0,0.0,-0.09653427451848984,-0.697105348110199,-0.04519860818982124,-0.31194737553596497,-1.242061734199524,-0.12840904295444489,-0.4992954432964325,-1.7291728258132935,-0.20106016099452972,-0.4837082624435425,-2.14105486869812,-0.26711505651474,-0.692679762840271,-0.9815024733543396,-0.2272035926580429,-1.1405235528945923,-1.1276934146881104,-0.28737151622772217,-0.960004448890686,-1.1015424728393555,-0.3024729788303375,-0.7648967504501343,-1.041413426399231,-0.29853519797325134,-0.8064618110656738,-0.5467137694358826,-0.22521881759166718,-1.1928746700286865,-0.7581827044487,-0.21979884803295135,-1.0333372354507446,-0.7730349898338318,-0.1809382140636444,-0.8633983731269836,-0.7141032218933105,-0.16970285773277283,-0.866446852684021,-0.152105912566185,-0.21086998283863068,-1.1648352146148682,-0.3964628577232361,-0.16715772449970245,-1.0310083627700806,-0.42454496026039124,-0.08937444537878036,-0.8755698204040527,-0.3663424551486969,-0.06212066859006882,-0.887084424495697,0.17273086309432983,-0.20022007822990417,-1.0912632942199707,-0.0658639445900917,-0.14580056071281433,-0.9721699953079224,-0.09738554805517197,-0.05826577544212341,-0.8487116694450378,-0.052614159882068634,-0.0027796169742941856
thumbs_up,0.0,0.0,0.0,-0.08322151005268097,-0.6941407322883606,-0.039744243025779724,-0.28246399760246277,-1.24521803855896,-0.12262425571680069,-0.4705900549888611,-1.7150115966796875,-0.1949625462293625,-0.4660731852054596,-2.1203196048736572,-0.2617345154285431,-0.6797765493392944,-0.9883734583854675,-0.23539569973945618,-1.1052436828613281,-1.142335057258606,-0.2938573956489563,-0.9273989796638489,-1.1278610229492188,-0.30127277970314026,-0.7377070188522339,-1.0735200643539429,-0.29261499643325806,-0.7951797842979431,-0.5576807260513306,-0.23807862401008606,-1.1675119400024414,-0.7799663543701172,-0.2321837842464447,-1.006510853767395,-0.7962351441383362,-0.18778300285339355,-0.8408915400505066,-0.7310471534729004,-0.17405655980110168,-0.8518743515014648,-0.16452954709529877,-0.22705088555812836,-1.1474297046661377,-0.4128251075744629,-0.18729296326637268,-1.0117071866989136,-0.4461921453475952,-0.10618540644645691,-0.8564043045043945,-0.3889344036579132,-0.07739429175853729,-0.8656151294708252,0.163252592086792,-0.21818523108959198,-1.075118899345398,-0.0695933848619461,-0.16893894970417023,-0.9563958644866943,-0.11198097467422485,-0.08022239804267883,-0.832533061504364,-0.07030244171619415,-0.024000147357583046
thumbs_up,0.0,0.0,0.0,-0.11361237615346909,-0.6608006358146667,-0.016910217702388763,-0.3215007185935974,-1.1562148332595825,-0.06980253010988235,-0.49264681339263916,-1.5992887020111084,-0.1165032908320427,-0.4985602796077728,-1.9672545194625854,-0.15672151744365692,-0.7476749420166016,-0.9047204256057739,-0.15586398541927338,-1.1052988767623901,-1.0286532640457153,-0.1630079448223114,-0.9356296062469482,-1.0303757190704346,-0.1477382332086563,-0.7649791240692139,-0.9931707978248596,-0.13196972012519836,-0.8505895137786865,-0.5025213956832886,-0.15482179820537567,-1.1349595785140991,-0.6951506733894348,-0.10078121721744537,-0.9811191558837891,-0.7210363149642944,-0.051746781915426254,-0.8286948204040527,-0.6767129302024841,-0.04210897907614708,-0.8802083134651184,-0.13251452147960663,-0.138553187251091,-1.0984132289886475,-0.3591291010379791,-0.06125588342547417,-0.9793985486030579,-0.39178571105003357,0.007989096455276012,-0.8342705965042114,-0.3386876583099365,0.021577030420303345,-0.8664454817771912,0.1774839460849762,-0.12351784855127335,-1.0161864757537842,-0.03659173473715782,-0.052199702709913254,-0.9099974632263184,-0.07539772987365723,0.029729735106229782,-0.7918460369110107,-0.03965627774596214,0.07892066240310669
thumbs_up,0.0,0.0,0.0,-0.13743996620178223,-0.6363417506217957,-0.009679525159299374,-0.32247352600097656,-1.0943670272827148,-0.06959915161132812,-0.4220655858516693,-1.554570198059082,-0.12873990833759308,-0.36338916420936584,-1.9207408428192139,-0.18410371243953705,-0.7714576721191406,-0.8763424754142761,-0.13543683290481567,-1.1051379442214966,-0.9777161478996277,-0.1462574303150177,-0.9430161714553833,-0.9701753854751587,-0.1393204927444458,-0.7733436226844788,-0.9368236660957336,-0.12885373830795288,-0.8678582906723022,-0.47746333479881287,-0.13729777932167053,-1.134590983390808,-0.6535592675209045,-0.08622147887945175,-0.9822056889533997,-0.6611930131912231,-0.04114287719130516,-0.8247330784797668,-0.6201348304748535,-0.03284875676035881,-0.8910053372383118,-0.10779809951782227,-0.12513259053230286,-1.0890072584152222,-0.32690364122390747,-0.0424637645483017,-0.9741128087043762,-0.33830955624580383,0.022133952006697655,-0.828091025352478,-0.2827118933200836,0.033203911036252975,-0.873842179775238,0.19794204831123352,-0.1150994598865509,-1.007767677307129,-0.004950209986418486,-0.031830597668886185,-0.9024845361709595,-0.023110251873731613,0.04993770271539688,-0.7859283089637756,0.011039098724722862,0.09779560565948486
thumbs_up,0.0,0.0,0.0,-0.13872520625591278,-0.628467857837677,-0.012974823825061321,-0.3217965066432953,-1.079087257385254,-0.07362211495637894,-0.42333748936653137,-1.5389782190322876,-0.13469204306602478,-0.3774528205394745,-1.9107798337936401,-0.19146330654621124,-0.7819408178329468,-0.8644173741340637,-0.11891184747219086,-1.1077468395233154,-0.9514279961585999,-0.12961067259311676,-0.9461562633514404,-0.9460098147392273,-0.12878772616386414,-0.7813556790351868,-0.9174845814704895,-0.12364637851715088,-0.874180257320404,-0.47028848528862,-0.12098536640405655,-1.1383826732635498,-0.6303462386131287,-0.07258753478527069,-0.9867697954177856,-0.641257107257843,-0.034554772078990936,-0.8290430307388306,-0.6035897731781006,-0.029930032789707184,-0.8914401531219482,-0.1038791686296463,-0.11067250370979309,-1.0853992700576782,-0.3087586462497711,-0.032393697649240494,-0.9724963903427124,-0.3235701322555542,0.026999985799193382,-0.8277889490127563,-0.2718759775161743,0.03658973053097725,-0.8687107563018799,0.199544757604599,-0.1030021533370018,-1.0020077228546143,0.007993737235665321,-0.022848501801490784,-0.8972303867340088,-0.009677599184215069,0.05709700286388397,-0.780600368976593,0.023100148886442184,0.10505695641040802
thumbs_up,0.0,0.0,0.0,-0.15002378821372986,-0.6221762299537659,-0.020043788477778435,-0.33473989367485046,-1.081141471862793,-0.0910150334239006,-0.4379063844680786,-1.5394152402877808,-0.16113486886024475,-0.39358729124069214,-1.9093555212020874,-0.226222962141037,-0.7905851006507874,-0.8537158370018005,-0.14125409722328186,-1.1153507232666016,-0.9421308636665344,-0.16129261255264282,-0.9465464353561401,-0.9403461217880249,-0.16425426304340363,-0.7766813039779663,-0.9085865616798401,-0.1605989634990692,-0.8762539625167847,-0.4595414996147156,-0.14491581916809082,-1.1430962085723877,-0.6263988614082336,-0.1055886372923851,-0.9871866703033447,-0.6399312019348145,-0.07016027718782425,-0.8265749216079712,-0.5984890460968018,-0.06740126013755798,-0.8890429735183716,-0.0963822603225708,-0.13582001626491547,-1.0883287191390991,-0.3102226257324219,-0.06432171165943146,-0.9714255332946777,-0.3249131143093109,-0.0038743133191019297,-0.8231602907180786,-0.27017733454704285,0.0067118373699486256,-0.8638051748275757,0.20474597811698914,-0.1298571079969406,-1.0069698095321655,-0.0002855547936633229,-0.05404108390212059,-0.8986430168151855,-0.023262890055775642,0.02728704921901226,-0.7781299352645874,0.010057425126433372,0.07621950656175613
thumbs_up,0.0,0.0,0.0,-0.12363497912883759,-0.63697350025177,-0.011467133648693562,-0.3110092282295227,-1.1080950498580933,-0.07621657848358154,-0.4237898588180542,-1.5472232103347778,-0.14024223387241364,-0.3403624892234802,-1.8783596754074097,-0.20120686292648315,-0.7611520290374756,-0.8900582790374756,-0.13723355531692505,-1.082858681678772,-0.9783285856246948,-0.1467849761247635,-0.9246347546577454,-0.968838095664978,-0.14014004170894623,-0.7616279125213623,-0.9345506429672241,-0.13176950812339783,-0.8506666421890259,-0.5053908824920654,-0.1447284072637558,-1.1138978004455566,-0.6622536182403564,-0.09616244584321976,-0.9676508903503418,-0.6725103259086609,-0.052819907665252686,-0.8176363706588745,-0.6293104887008667,-0.0448121652007103,-0.8696960806846619,-0.14788392186164856,-0.1379317045211792,-1.0689804553985596,-0.34783491492271423,-0.0603196918964386,-0.9551213383674622,-0.36471429467201233,-0.0005869009182788432,-0.8137950897216797,-0.31174811720848083,0.008519034832715988,-0.8483008146286011,0.15056562423706055,-0.13311132788658142,-0.9883562326431274,-0.042679399251937866,-0.051268912851810455,-0.8832305669784546,-0.06465685367584229,0.029849393293261528,-0.7681662440299988,-0.028443651273846626,0.0766645148396492
